[
    {
        "icon": "VisibilityRoundedIcon",
        "label": "View Query"
    },
    {
        "icon": "NoteAltOutlinedIcon",
        "label": "View Form "
    },
    {
        "icon": "HighlightOffOutlinedIcon",
        "label": "Delete"
    },
    {
        "icon": "SettingsBackupRestoreIcon",
        "label": "Restore"
    },
    {
        "icon": "GridOnIcon",
        "label": "Data Entry Started"
    },
    {
        "icon": "AddCircleOutlineIcon",
        "label": "Add"
    },
    {
        "icon": "ScheduleIcon",
        "label": "Scheduled"
    },
    {
        "icon": "TaskIcon",
        "label": "Completed"
    },
    {
        "icon": "EventBusyIcon",
        "label": "Not Scheduled"
    },
    {
        "icon": "LockIcon",
        "label": "Lock"
    },
    {
        "icon": "LockOpenIcon",
        "label": "Unlock"
    },
    {
        "icon": "NearbyErrorIcon",
        "label": "Mark Not Expected"
    },
    {
        "icon": "EditIcon",
        "label": "Edit"
    },
    {
        "icon": "PasswordIcon",
        "label": "Reset Password"
    },
    {
        "icon": "PersonRemoveIcon",
        "label": "Remove User"
    },
    {
        "icon": "FolderDeleteIcon",
        "label": "Delete From Data"
    },
    {
        "icon": "AddCommentIcon",
        "label": "Add Query"
    },
    {
        "icon": "SpeakerNotesOffIcon",
        "label": "No Queries"
    },
    {
        "icon": "SpeakerNotesIcon",
        "label": "Open Queries"
    },
    {
        "icon": "QuestionAnswerIcon",
        "label": "Responded Queries"
    },
    {
        "icon": "SubtitlesOffIcon",
        "label": "Closed Queries"
    },
    {
        "icon": "TextSnippetIcon",
        "label": "Bulk Rule"
    },
    {
        "icon": "CalendarMonthIcon",
        "label": "Visit Date Mapping"
    }
]